Option,Modell,RMSE,MAE,R²,Poisson-Dev.,min(pred),neg. preds,Trainingszeit (s)
Option 1: Squared Error,XGB,46.4342769737849,28.720874164080286,0.9324962609337942,17.101515488925486,-35.79975509643555,133,1.9668219089508057
Option 1: Squared Error,EBM,59.643223386928376,39.688807673253145,0.8886288594090186,79.63197933029012,-125.29885337578038,411,15.707442998886108
Option 2: Poisson-Deviance (Beitraege auf Log-Skala),XGB,45.43951062043428,27.002631963473878,0.9353575594034751,9.380072104704615,1.8812179565429688,0,1.9523110389709473
Option 2: Poisson-Deviance (Beitraege auf Log-Skala),EBM,48.20290142996842,28.1981562298493,0.9272560609239382,10.814538455984227,0.699434306752487,0,12.548401117324829
Option 3: Poisson-Deviance (Beitraege approximativ auf Ausleihe-Skala),XGB,45.43951062043428,27.002631963473878,0.9353575594034751,9.380072104704615,1.8812179565429688,0,1.9492669105529785
Option 3: Poisson-Deviance (Beitraege approximativ auf Ausleihe-Skala),EBM,48.20290142996842,28.1981562298493,0.9272560609239382,10.814538455984227,0.699434306752487,0,12.610066890716553
